<?xml version="1.0" encoding="UTF-8"?>
<window>
    <defaultcontrol>102</defaultcontrol>
    <controls>

        <include>Global_Background</include>

        <control type="group" id="50">
            <include>View_Group</include>
            
            <control type="group" id="100">
                <include>Animation_Right</include>
                <!-- Right Item -->
                <control type="group">
                    <right>view_pad</right>
                    <top>view_pad</top>
                    <width>poster_width</width>
                    <height>poster_height</height>
                    <control type="group">
                        <left>40</left>
                        <control type="group">
                            <height>315</height>
                            <control type="group">
                                <left>-10</left>
                                <right>-10</right>
                                <bottom>-10</bottom>
                                <top>-10</top>
                                <include>Defs_PosterBack</include>
                                <control type="image">
                                    <bordersize>10</bordersize>
                                    <aspectratio aligny="center" scalediffuse="false">scale</aspectratio>
                                    <texture background="true" diffuse="diffuse/mediainfo.png">$INFO[Window.Property(next.thumb)]</texture>
                                </control>
                            </control>
                            <control type="image">
                                <texture colordiffuse="PixelLines" border="20">common/outline.png</texture>
                            </control>
                            <control type="image">
                                <description>Busy animation</description>
                                <width>128</width>
                                <height>128</height>
                                <centertop>50%</centertop>
                                <centerleft>50%</centerleft>
                                <texture>dialog/loading-back.png</texture>
                                <aspectratio>keep</aspectratio>
                            </control>
                            <control type="image">
                                <width>48</width>
                                <height>48</height>
                                <centertop>50%</centertop>
                                <centerleft>50%</centerleft>
                                <texture colordiffuse="77000000">common/circle.png</texture>
                            </control>
                            <control type="image">
                                <width>32</width>
                                <height>32</height>
                                <centertop>50%</centertop>
                                <centerleft>50.2%</centerleft>
                                <texture colordiffuse="99ffffff">common/playwhite.png</texture>
                                <visible>String.IsEmpty(Window.Property(countdown))</visible>
                            </control>
                            <control type="label">
                                <width>48</width>
                                <height>48</height>
                                <centertop>50%</centertop>
                                <centerleft>50%</centerleft>
                                <label>[B]$INFO[Window.Property(countdown)][/B]</label>
                                <textcolor>main_fg_70</textcolor>
                                <font>font_small_bold</font>
                                <align>center</align>
                                <aligny>center</aligny>
                                <visible>!String.IsEmpty(Window.Property(countdown))</visible>
                            </control>
                            <control type="group">
                                <description>Busy animation</description>
                                <width>128</width>
                                <height>128</height>
                                <centertop>50%</centertop>
                                <centerleft>50%</centerleft>
                                <visible>Control.HasFocus(102) + !String.IsEmpty(Window.Property(countdown))</visible>
                                <control type="image">
                                    <texture colordiffuse="$VAR[ColorHighlight]" flipy="true" flipx="true">$INFO[Window.Property(countdown),progress/nextup/,.png]</texture>
                                    <aspectratio>keep</aspectratio>
                                </control>
                            </control>
                            
                            <control type="image">
                                <bottom>0</bottom>
                                <height>50</height>
                                <texture colordiffuse="main_bg_70">common/white.png</texture>
                            </control>
                            <control type="label">
                                <left>20</left>
                                <right>20</right>
                                <bottom>0</bottom>
                                <height>50</height>
                                <textcolor>main_fg_100</textcolor>
                                <font>font_tiny</font>
                                <align>center</align>
                                <label>$LOCALIZE[31221]</label>
                            </control>
                            <control type="button" id="102">
                                <left>-7</left>
                                <top>-7</top>
                                <right>-7</right>
                                <bottom>-7</bottom>
                                <onup>202</onup>
                                <onright>101</onright>
                                <onleft>101</onleft>
                                <texturefocus colordiffuse="$VAR[ColorHighlight]" border="20">common/selectbox.png</texturefocus>
                            </control>
                            <control type="image">
                                <left>-7</left>
                                <top>-7</top>
                                <right>-7</right>
                                <bottom>-7</bottom>
                                <visible>Control.HasFocus(102)</visible>
                                <texture colordiffuse="$VAR[ColorHighlight2]" border="20">common/gradient-diffuse-selectbox.png</texture>
                            </control>
                        </control>
                        <control type="group">
                            <top>355</top>
                            <control type="image">
                                <height>1</height>
                                <top>0</top>
                                <texture colordiffuse="PixelLines">common/white.png</texture>
                            </control>
                            <control type="grouplist">
                                <top>30</top>
                                <align>top</align>
                                <usecontrolcoords>true</usecontrolcoords>
                                <orientation>vertical</orientation>
                                <control type="label">
                                    <aligny>top</aligny>
                                    <align>center</align>
                                    <height>55</height>
                                    <font>font_topbar</font>
                                    <textcolor>main_fg_100</textcolor>
                                    <label>$INFO[Window.Property(next.title)]</label>
                                </control>
                                <control type="grouplist">
                                    <height>40</height>
                                    <align>center</align>
                                    <itemgap>0</itemgap>
                                    <orientation>horizontal</orientation>
                                    <control type="label">
                                        <label>$INFO[Window.Property(next.year)]</label>
                                        <width>auto</width>
                                        <aligny>top</aligny>
                                        <height>40</height>
                                        <textcolor>main_fg_100</textcolor>
                                        <font>font_small</font>
                                    </control>
                                    <control type="label">
                                        <label>  |  </label>
                                        <width>auto</width>
                                        <aligny>top</aligny>
                                        <height>40</height>
                                        <textcolor>$VAR[ColorHighlight]</textcolor>
                                        <font>font_small</font>
                                    </control>
                                    <control type="label">
                                        <label>$INFO[Window.Property(next.season),S,]$INFO[Window.Property(next.episode),E,]</label>
                                        <width>auto</width>
                                        <aligny>top</aligny>
                                        <height>40</height>
                                        <textcolor>main_fg_100</textcolor>
                                        <font>font_small</font>
                                    </control>
                                    <control type="label">
                                        <label>  |  </label>
                                        <width>auto</width>
                                        <aligny>top</aligny>
                                        <height>40</height>
                                        <textcolor>$VAR[ColorHighlight]</textcolor>
                                        <font>font_small</font>
                                    </control>
                                    
                                    <control type="label">
                                        <label>$INFO[Window.Property(next.duration),, $LOCALIZE[31020]]</label>
                                        <width>auto</width>
                                        <aligny>top</aligny>
                                        <height>40</height>
                                        <textcolor>main_fg_100</textcolor>
                                        <font>font_small</font>
                                    </control>
                                </control>
                                <control type="group">
                                    <height>64</height>
                                    <top>-10</top>
                                    <include content="Object_StarRating">
                                        <param name="align" value="center" />
                                        <param name="rating_prop" value="Window.Property(next.rating)" />
                                    </include>
                                </control>
                                <control type="textbox">
                                    <top>30</top>
                                    <label>$INFO[Window.Property(next.plot)]</label>
                                    <height>170</height>
                                    <aligny>top</aligny>
                                    <align>center</align>
                                    <textcolor>main_fg_70</textcolor>
                                    <font>font_plotbox</font>
                                    <visible>!String.IsEmpty(Window.Property(showplot))</visible>
                                </control>
                                <control type="textbox">
                                    <top>30</top>
                                    <label>$LOCALIZE[20370]</label>
                                    <height>70</height>
                                    <aligny>top</aligny>
                                    <align>center</align>
                                    <textcolor>main_fg_70</textcolor>
                                    <font>font_plotbox</font>
                                    <visible>String.IsEmpty(Window.Property(showplot))</visible>
                                </control>
                            </control>
                        </control>
                    </control>
                </control>

                <!-- Left Item -->
                <control type="group">
                    <left>view_left</left>
                    <top>view_pad</top>
                    <width>poster_width</width>
                    <height>poster_height</height>
                    <control type="group">
                        <right>20</right>
                        <left>20</left>
                        <control type="group">
                            <height>315</height>
                            <control type="group">
                                <left>-10</left>
                                <right>-10</right>
                                <bottom>-10</bottom>
                                <top>-10</top>
                                <include>Defs_PosterBack</include>
                                <control type="image">
                                    <bordersize>10</bordersize>
                                    <aspectratio aligny="center" scalediffuse="false">scale</aspectratio>
                                    <texture background="true" diffuse="diffuse/mediainfo.png">$INFO[Window.Property(previous.thumb)]</texture>
                                </control>
                            </control>
                            <control type="image">
                                <texture colordiffuse="PixelLines" border="20">common/outline.png</texture>
                            </control>
                            <control type="image">
                                <width>80</width>
                                <height>80</height>
                                <centertop>50%</centertop>
                                <centerleft>50%</centerleft>
                                <texture colordiffuse="77000000">common/circle.png</texture>
                            </control>
                            <control type="image">
                                <width>128</width>
                                <height>128</height>
                                <centertop>50%</centertop>
                                <centerleft>50%</centerleft>
                                <texture colordiffuse="77ffffff">special://skin/extras/icons/update.png</texture>
                            </control>
                            <control type="image">
                                <bottom>0</bottom>
                                <height>50</height>
                                <texture colordiffuse="main_bg_70">common/white.png</texture>
                            </control>
                            <control type="label">
                                <left>20</left>
                                <right>20</right>
                                <bottom>0</bottom>
                                <height>50</height>
                                <textcolor>main_fg_100</textcolor>
                                <font>font_tiny</font>
                                <align>center</align>
                                <label>$LOCALIZE[31219]</label>
                            </control>
                            <control type="button" id="101">
                                <left>-7</left>
                                <top>-7</top>
                                <right>-7</right>
                                <bottom>-7</bottom>
                                <onup>202</onup>
                                <onright>102</onright>
                                <onleft>102</onleft>
                                <texturefocus colordiffuse="$VAR[ColorHighlight]" border="20">common/selectbox.png</texturefocus>
                            </control>
                            <control type="image">
                                <left>-7</left>
                                <top>-7</top>
                                <right>-7</right>
                                <bottom>-7</bottom>
                                <visible>Control.HasFocus(101)</visible>
                                <texture colordiffuse="$VAR[ColorHighlight2]" border="20">common/gradient-diffuse-selectbox.png</texture>
                            </control>
                        </control>
                        <control type="group">
                            <top>355</top>
                            <control type="image">
                                <height>1</height>
                                <top>0</top>
                                <texture colordiffuse="PixelLines">common/white.png</texture>
                            </control>
                            <control type="grouplist">
                                <top>30</top>
                                <align>top</align>
                                <usecontrolcoords>true</usecontrolcoords>
                                <orientation>vertical</orientation>
                                <control type="label">
                                    <aligny>top</aligny>
                                    <align>center</align>
                                    <height>55</height>
                                    <font>font_topbar</font>
                                    <textcolor>main_fg_100</textcolor>
                                    <label>$INFO[Window.Property(previous.title)]</label>
                                </control>
                                <control type="grouplist">
                                    <height>40</height>
                                    <align>center</align>
                                    <itemgap>0</itemgap>
                                    <orientation>horizontal</orientation>
                                    <control type="label">
                                        <label>$INFO[Window.Property(previous.year)]</label>
                                        <width>auto</width>
                                        <aligny>top</aligny>
                                        <height>40</height>
                                        <textcolor>main_fg_100</textcolor>
                                        <font>font_small</font>
                                    </control>
                                    <control type="label">
                                        <label>  |  </label>
                                        <width>auto</width>
                                        <aligny>top</aligny>
                                        <height>40</height>
                                        <textcolor>$VAR[ColorHighlight]</textcolor>
                                        <font>font_small</font>
                                    </control>
                                    <control type="label">
                                        <label>$INFO[Window.Property(previous.season),S,]$INFO[Window.Property(previous.episode),E,]</label>
                                        <width>auto</width>
                                        <aligny>top</aligny>
                                        <height>40</height>
                                        <textcolor>main_fg_100</textcolor>
                                        <font>font_small</font>
                                    </control>
                                    <control type="label">
                                        <label>  |  </label>
                                        <width>auto</width>
                                        <aligny>top</aligny>
                                        <height>40</height>
                                        <textcolor>$VAR[ColorHighlight]</textcolor>
                                        <font>font_small</font>
                                    </control>
                                    
                                    <control type="label">
                                        <label>$INFO[Window.Property(previous.duration),, $LOCALIZE[31020]]</label>
                                        <width>auto</width>
                                        <aligny>top</aligny>
                                        <height>40</height>
                                        <textcolor>main_fg_100</textcolor>
                                        <font>font_small</font>
                                    </control>
                                </control>
                                <control type="group">
                                    <height>64</height>
                                    <top>-10</top>
                                    <include content="Object_StarRating">
                                        <param name="align" value="center" />
                                        <param name="rating_prop" value="Window.Property(previous.rating)" />
                                    </include>
                                </control>
                                <control type="textbox">
                                    <top>30</top>
                                    <label>$INFO[Window.Property(previous.plot)]</label>
                                    <height>270</height>
                                    <aligny>top</aligny>
                                    <align>center</align>
                                    <textcolor>main_fg_70</textcolor>
                                    <font>font_plotbox</font>
                                </control>
                            </control>
                        </control>
                    </control>
                </control>
            </control>

            <!-- Large Poster -->
            <control type="group">
                <include>Animation_Left</include>
                <left>view_pad</left>
                <top>view_pad</top>
                <width>poster_width</width>
                <height>900</height>
                <include content="Defs_PosterBack">
                    <param name="pad" value="-10" />
                </include>
                <include content="Object_BigPoster">
                    <param name="discart" value="false" />
                    <param name="aspect" value="scale" />
                    <param name="variable" value="$INFO[Window.Property(next.poster)]" />
                </include>
                <control type="image">
                    <texture colordiffuse="PixelLines" border="20">common/outline.png</texture>
                </control>
            </control>
        </control>

        <control type="grouplist" id="60">
            <control type="group" id="500">
                <control type="list" id="400">
                    <width>2</width>
                    <height>2</height>
                    <itemlayout width="1" height="1">
                        <control type="group">
                            <height>1</height>
                        </control>
                    </itemlayout>
                    <focusedlayout width="1" height="1">
                        <control type="group">
                            <height>1</height>
                        </control>
                    </focusedlayout>
                </control>
            </control>
        </control>


        <include>Topbar</include>


        <control type="group" id="200">
            <height>view_top</height>
            <animation effect="fade" start="0" end="100" time="350" tween="cubic" easing="inout" reversible="false">Visible</animation>
            <animation effect="fade" start="100" end="0" time="350" tween="cubic" easing="inout" reversible="false">Hidden</animation>
            <visible allowhiddenfocus="true">Control.HasFocus(202) | Control.HasFocus(201)</visible>
            <control type="group">
                <width>130</width>
                <centerleft>50%</centerleft>
                <height>view_pad</height>
                <centertop>50%</centertop>
                <control type="radiobutton" id="202">
                    <description>Spoiler</description>
                    <width>view_pad</width>
                    <height>view_pad</height>
                    <font/>
                    <onleft>201</onleft>
                    <onright>201</onright>
                    <ondown>101</ondown>
                    <label>$LOCALIZE[31029]</label>
                    <textureradiofocus />
                    <textureradionofocus />
                    <textureradioondisabled />
                    <textureradiooffdisabled />
                    <texturenofocus colordiffuse="main_fg_30">special://skin/extras/icons/eye.png</texturenofocus>
                    <texturefocus colordiffuse="Selected">special://skin/extras/icons/eye.png</texturefocus>
                </control>
                <control type="group">
                    <visible>Control.HasFocus(202)</visible>
                    <width>view_pad</width>
                    <control type="group">
                        <centerleft>50%</centerleft>
                        <width>view_pad</width>
                        <control type="image">
                            <texture colordiffuse="$VAR[ColorHighlight]">common/white.png</texture>
                            <bottom>0</bottom>
                            <height>6</height>
                        </control>
                        <control type="image">
                            <texture colordiffuse="$VAR[ColorHighlight2]">common/gradient-diffuse-horizontal.png</texture>
                            <bottom>0</bottom>
                            <height>6</height>
                        </control>
                    </control>
                </control>
                <control type="button" id="201">
                    <left>70</left>
                    <description>Close</description>
                    <width>view_pad</width>
                    <height>view_pad</height>
                    <font/>
                    <label>$LOCALIZE[31019]</label>
                    <onleft>202</onleft>
                    <onright>202</onright>
                    <ondown>101</ondown>                   
                    <texturenofocus colordiffuse="main_fg_30">special://skin/extras/icons/error.png</texturenofocus>
                    <texturefocus colordiffuse="Selected">special://skin/extras/icons/error.png</texturefocus>
                </control>
                <control type="group">
                    <visible>Control.HasFocus(201)</visible>
                    <left>70</left>
                    <width>view_pad</width>
                    <control type="group">
                        <centerleft>50%</centerleft>
                        <width>view_pad</width>
                        <control type="image">
                            <texture colordiffuse="$VAR[ColorHighlight]">common/white.png</texture>
                            <bottom>0</bottom>
                            <height>6</height>
                        </control>
                        <control type="image">
                            <texture colordiffuse="$VAR[ColorHighlight2]">common/gradient-diffuse-horizontal.png</texture>
                            <bottom>0</bottom>
                            <height>6</height>
                        </control>
                    </control>
                </control>
            </control>
        </control>

        
    </controls>
</window>